date,total_clones,unique_cloners,last_updated
2025-09-24,14,8,2025-10-08 08:48:29 UTC
2025-09-25,66,41,2025-10-08 08:48:29 UTC
2025-09-26,18,9,2025-10-08 08:48:29 UTC
2025-09-27,14,9,2025-10-08 08:48:29 UTC
2025-09-28,25,13,2025-10-08 08:48:29 UTC
2025-09-29,53,27,2025-10-08 08:48:29 UTC
2025-09-30,68,38,2025-10-08 08:48:29 UTC
2025-10-01,52,29,2025-10-08 08:48:29 UTC
2025-10-02,29,10,2025-10-08 08:48:29 UTC
2025-10-03,17,9,2025-10-08 08:48:29 UTC
2025-10-04,19,9,2025-10-08 08:48:29 UTC
2025-10-05,23,12,2025-10-08 08:48:29 UTC
2025-10-06,13,9,2025-10-08 08:48:29 UTC
2025-10-07,79,30,2025-10-08 08:48:29 UTC
2025-10-08,19,5,2025-10-08 08:48:29 UTC
